stage,macro_rmse,delta_vs_baseline,improvement_vs_baseline_pct
Simple Baseline,46.21548008892971,0.0,0.0
Single Model Best,20.884485250165294,-25.330994838764415,54.81062793250548
Hierarchical (early),17.213479414460775,-29.002000674468935,62.753866493785424
Hierarchical Best,17.04426220768403,-29.171217881245678,63.120014819954775
"Meta-Stacker (variance, experiment)",17.54473665226427,-28.67074343666544,62.03709965036829
